domain,type
abercornss.eq.edu.au,.eq.edu.au
abergowriess.eq.edu.au,.eq.edu.au
acaciaridgess.eq.edu.au,.eq.edu.au
acc.eq.edu.au,.eq.edu.au
advancingeducation.biz,.biz
advancing-education.com,.com
advancingeducation.com.au ,.com.au
advancingeducation.info,.info
advancingeducation.net,.net
advancingeducation.net.au ,.net.au
advancingeducation.org.au ,.org.au
advancingeducation.qld.gov.au,.qld.gov.au
agneswaterss.eq.edu.au,.eq.edu.au
ahrc.eq.edu.au,.eq.edu.au
airvilless.eq.edu.au,.eq.edu.au
aitkenvaless.eq.edu.au,.eq.edu.au
albahillss.eq.edu.au,.eq.edu.au
albanycreekshs.eq.edu.au,.eq.edu.au
albanycreekss.eq.edu.au,.eq.edu.au
albertss.eq.edu.au,.eq.edu.au
aldridgeshs.eq.edu.au,.eq.edu.au
alexandrahillsshs.eq.edu.au,.eq.edu.au
alexandrahillsss.eq.edu.au,.eq.edu.au
alexbayss.eq.edu.au,.eq.edu.au
algesterss.eq.edu.au,.eq.edu.au
allenstownss.eq.edu.au,.eq.edu.au
alligatorcreekss.eq.edu.au,.eq.edu.au
allorass.eq.edu.au,.eq.edu.au
allowayss.eq.edu.au,.eq.edu.au
aloombass.eq.edu.au,.eq.edu.au
alphass.eq.edu.au,.eq.edu.au
amamoorss.eq.edu.au,.eq.edu.au
amarooeec.eq.edu.au,.eq.edu.au
amberleydistrictss.eq.edu.au,.eq.edu.au
ambrosess.eq.edu.au,.eq.edu.au
ameb.qld.edu.au,.qld.edu.au
ameb-link.eq.edu.au,.eq.edu.au
amebshop.eq.edu.au,.eq.edu.au
amiensss.eq.edu.au,.eq.edu.au
anakiess.eq.edu.au,.eq.edu.au
andergrovess.eq.edu.au,.eq.edu.au
annandaless.eq.edu.au,.eq.edu.au
applethorpess.eq.edu.au,.eq.edu.au
aramacss.eq.edu.au,.eq.edu.au
aratulass.eq.edu.au,.eq.edu.au
arcadiavalleyss.eq.edu.au,.eq.edu.au
arundelss.eq.edu.au,.eq.edu.au
ascotss.eq.edu.au,.eq.edu.au
ashgrovess.eq.edu.au,.eq.edu.au
ashmoress.eq.edu.au,.eq.edu.au
ashwellss.eq.edu.au,.eq.edu.au
aspleyeastss.eq.edu.au,.eq.edu.au
aspleyshs.eq.edu.au,.eq.edu.au
aspleyspecs.eq.edu.au,.eq.edu.au
aspleyss.eq.edu.au,.eq.edu.au
athertonshs.eq.edu.au,.eq.edu.au
athertonss.eq.edu.au,.eq.edu.au
augathellass.eq.edu.au,.eq.edu.au
augustass.eq.edu.au,.eq.edu.au
aurukunss.eq.edu.au,.eq.edu.au
aviationhigh.eq.edu.au,.eq.edu.au
avocass.eq.edu.au,.eq.edu.au
avondaless.eq.edu.au,.eq.edu.au
ayrshs.eq.edu.au,.eq.edu.au
ayrss.eq.edu.au,.eq.edu.au
babindass.eq.edu.au,.eq.edu.au
backplainsss.eq.edu.au,.eq.edu.au
baduislass.eq.edu.au,.eq.edu.au
bajoolss.eq.edu.au,.eq.edu.au
balaclavass.eq.edu.au,.eq.edu.au
baldhillss.eq.edu.au,.eq.edu.au
ballandeanss.eq.edu.au,.eq.edu.au
balmoralshs.eq.edu.au,.eq.edu.au
bananass.eq.edu.au,.eq.edu.au
banksiabeachss.eq.edu.au,.eq.edu.au
baralabass.eq.edu.au,.eq.edu.au
barambaheec.eq.edu.au,.eq.edu.au
barcaldiness.eq.edu.au,.eq.edu.au
bardonss.eq.edu.au,.eq.edu.au
bargarass.eq.edu.au,.eq.edu.au
baringass.eq.edu.au,.eq.edu.au
barklyhighwayss.eq.edu.au,.eq.edu.au
barrettadolescentcentreschool.eq.edu.au,.eq.edu.au
bartlefreress.eq.edu.au,.eq.edu.au
bauhiniass.eq.edu.au,.eq.edu.au
baupless.eq.edu.au,.eq.edu.au
bayviewss.eq.edu.au,.eq.edu.au
beachmeress.eq.edu.au,.eq.edu.au
beaconsfieldss.eq.edu.au,.eq.edu.au
beaudesertshs.eq.edu.au,.eq.edu.au
beaudesertss.eq.edu.au,.eq.edu.au
bedouriess.eq.edu.au,.eq.edu.au
beechmontss.eq.edu.au,.eq.edu.au
beenleighshs.eq.edu.au,.eq.edu.au
beenleighspecs.eq.edu.au,.eq.edu.au
beenleighss.eq.edu.au,.eq.edu.au
beerburrumss.eq.edu.au,.eq.edu.au
beerwahshs.eq.edu.au,.eq.edu.au
beerwahss.eq.edu.au,.eq.edu.au
begoniass.eq.edu.au,.eq.edu.au
belgiangardensss.eq.edu.au,.eq.edu.au
bellbirdparkssc.eq.edu.au,.eq.edu.au
bellendenkerss.eq.edu.au,.eq.edu.au
bellevueparkss.eq.edu.au,.eq.edu.au
bellmeress.eq.edu.au,.eq.edu.au
bellss.eq.edu.au,.eq.edu.au
belmontss.eq.edu.au,.eq.edu.au
benarabyss.eq.edu.au,.eq.edu.au
benarkinss.eq.edu.au,.eq.edu.au
benowashs.eq.edu.au,.eq.edu.au
benowass.eq.edu.au,.eq.edu.au
bentleyparkcollege.eq.edu.au,.eq.edu.au
berrinbaeastss.eq.edu.au,.eq.edu.au
berserkerstreetss.eq.edu.au,.eq.edu.au
biboohrass.eq.edu.au,.eq.edu.au
biddestonss.eq.edu.au,.eq.edu.au
biggendenss.eq.edu.au,.eq.edu.au
biggerawatersss.eq.edu.au,.eq.edu.au
biloelashs.eq.edu.au,.eq.edu.au
biloelass.eq.edu.au,.eq.edu.au
binjourplateauss.eq.edu.au,.eq.edu.au
birdsvilless.eq.edu.au,.eq.edu.au
birkdalesouthss.eq.edu.au,.eq.edu.au
birkdaless.eq.edu.au,.eq.edu.au
blackallss.eq.edu.au,.eq.edu.au
blackbuttss.eq.edu.au,.eq.edu.au
blackwaternorthss.eq.edu.au,.eq.edu.au
blackwatershs.eq.edu.au,.eq.edu.au
blackwaterss.eq.edu.au,.eq.edu.au
blairss.eq.edu.au,.eq.edu.au
blenheimss.eq.edu.au,.eq.edu.au
blibliss.eq.edu.au,.eq.edu.au
bloomfieldriverss.eq.edu.au,.eq.edu.au
bloomsbuss.eq.edu.au,.eq.edu.au
bluewaterss.eq.edu.au,.eq.edu.au
bluffss.eq.edu.au,.eq.edu.au
bnwttc.eq.edu.au,.eq.edu.au
bohlevaless.eq.edu.au,.eq.edu.au
bollonss.eq.edu.au,.eq.edu.au
boonahshs.eq.edu.au,.eq.edu.au
boonahss.eq.edu.au,.eq.edu.au
boondallss.eq.edu.au,.eq.edu.au
booyalcentralss.eq.edu.au,.eq.edu.au
boroniaheightsss.eq.edu.au,.eq.edu.au
bororenss.eq.edu.au,.eq.edu.au
bouldercombess.eq.edu.au,.eq.edu.au
bouliass.eq.edu.au,.eq.edu.au
bountyboulevardss.eq.edu.au,.eq.edu.au
bowenshs.eq.edu.au,.eq.edu.au
bowenss.eq.edu.au,.eq.edu.au
bowenvilless.eq.edu.au,.eq.edu.au
boyneislandeec.eq.edu.au,.eq.edu.au
boyneislandss.eq.edu.au,.eq.edu.au
boynewoodss.eq.edu.au,.eq.edu.au
brackenridgeshs.eq.edu.au,.eq.edu.au
brackenridgess.eq.edu.au,.eq.edu.au
brandonss.eq.edu.au,.eq.edu.au
branyanroadss.eq.edu.au,.eq.edu.au
brassallss.eq.edu.au,.eq.edu.au
brayparkshs.eq.edu.au,.eq.edu.au
brayparkss.eq.edu.au,.eq.edu.au
bremeralliance.eq.edu.au,.eq.edu.au
bremershs.eq.edu.au,.eq.edu.au
bribieislandshs.eq.edu.au ,.eq.edu.au
bribieislandss.eq.edu.au,.eq.edu.au
brigalowss.eq.edu.au,.eq.edu.au
brightonss.eq.edu.au,.eq.edu.au
brightwaterss.eq.edu.au,.eq.edu.au
brisbanebaysidesc.eq.edu.au,.eq.edu.au
brisbanecentralss.eq.edu.au,.eq.edu.au
brisbanesde.eq.edu.au,.eq.edu.au
brisbaneshs.eq.edu.au,.eq.edu.au
brisbaneurbaneec.eq.edu.au,.eq.edu.au
brisbaneyoutheu.eq.edu.au,.eq.edu.au
broadbeachss.eq.edu.au,.eq.edu.au
broadwaterss.eq.edu.au,.eq.edu.au
brookfieldss.eq.edu.au,.eq.edu.au
brooksteadss.eq.edu.au,.eq.edu.au
brookstess.eq.edu.au,.eq.edu.au
brooweenass.eq.edu.au,.eq.edu.au
brownsplainsshs.eq.edu.au,.eq.edu.au
"brownsplainsss.eq.edu.au
",.eq.edu.au
bucasiass.eq.edu.au,.eq.edu.au
buddinass.eq.edu.au,.eq.edu.au
buderimmountainss.eq.edu.au,.eq.edu.au
builyanss.eq.edu.au,.eq.edu.au
bulimbass.eq.edu.au,.eq.edu.au
bullyardss.eq.edu.au,.eq.edu.au
bullyingnoway.com.au,.com.au
bullyingnoway.gov.au,.gov.au
bullyingnoway.info,.info
bullyingnoway.net,.net
bullyingnoway.net.au,.net.au
bullyingnoway.org,.net.au
bullyingnoway.org.au,.org.au
bundabergcentralss.eq.edu.au,.eq.edu.au
bundabergeastss.eq.edu.au,.eq.edu.au
bundabergnorthshs.eq.edu.au,.eq.edu.au
bundabergnorthss.eq.edu.au,.eq.edu.au
bundabergsecondaryguidance.eq.edu.au,.eq.edu.au
bundabergshs.eq.edu.au,.eq.edu.au
bundabergsouthss.eq.edu.au,.eq.edu.au
bundabergspecs.eq.edu.au,.eq.edu.au
bundabergwestss.eq.edu.au,.eq.edu.au
bundambass.eq.edu.au,.eq.edu.au
bundambassc.eq.edu.au,.eq.edu.au
bungunyass.eq.edu.au,.eq.edu.au
bunkhillss.eq.edu.au,.eq.edu.au
bunyavilleeec.eq.edu.au,.eq.edu.au
burandass.eq.edu.au,.eq.edu.au
burdekinspecs.eq.edu.au,.eq.edu.au
burketownss.eq.edu.au,.eq.edu.au
burlheadss.eq.edu.au,.eq.edu.au
burnettheadsss.eq.edu.au,.eq.edu.au
burnettsc.eq.edu.au,.eq.edu.au
burnsideshs.eq.edu.au,.eq.edu.au
burnsidess.eq.edu.au,.eq.edu.au
burpengarymeadowsss.eq.edu.au,.eq.edu.au
burpengaryss.eq.edu.au,.eq.edu.au
burpengaryssc.eq.edu.au,.eq.edu.au
burraburriss.eq.edu.au,.eq.edu.au
burrowesss.eq.edu.au,.eq.edu.au
butcherscreekss.eq.edu.au,.eq.edu.au
bwgcolmancs.eq.edu.au,.eq.edu.au
byfieldss.eq.edu.au,.eq.edu.au
bymounteastss.eq.edu.au,.eq.edu.au
byo.eq.edu.au,.eq.edu.au
byox.eq.edu.au,.eq.edu.au
c2c.eq.edu.au,.eq.edu.au
cabooltureeastss.eq.edu.au,.eq.edu.au
cabooltureshs.eq.edu.au,.eq.edu.au
caboolturespecs.eq.edu.au,.eq.edu.au
caboolturess.eq.edu.au,.eq.edu.au
cairnssde.eq.edu.au,.eq.edu.au
cairnsshs.eq.edu.au,.eq.edu.au
cairnsstatespecs.eq.edu.au,.eq.edu.au
cairnswestss.eq.edu.au,.eq.edu.au
calamvalecc.eq.edu.au,.eq.edu.au
calamvalespecialschool.eq.edu.au,.eq.edu.au
calendsc.eq.edu.au,.eq.edu.au
calliopeshs.eq.edu.au,.eq.edu.au
calliopess.eq.edu.au,.eq.edu.au
caloundrashs.eq.edu.au,.eq.edu.au
caloundrass.eq.edu.au,.eq.edu.au
cambooyass.eq.edu.au,.eq.edu.au
camerondownsss.eq.edu.au,.eq.edu.au
camirass.eq.edu.au,.eq.edu.au
camoowealss.eq.edu.au,.eq.edu.au
campfairbairnoec.eq.edu.au,.eq.edu.au
camphillipss.eq.edu.au,.eq.edu.au
caningerabass.eq.edu.au,.eq.edu.au
cannonhillss.eq.edu.au,.eq.edu.au
cannonvaless.eq.edu.au,.eq.edu.au
canungrass.eq.edu.au,.eq.edu.au
capalabasc.eq.edu.au,.eq.edu.au
capellashs.eq.edu.au,.eq.edu.au
capellass.eq.edu.au,.eq.edu.au
capricorniasde.eq.edu.au,.eq.edu.au
caprrocksde.eq.edu.au,.eq.edu.au
capsport.eq.edu.au,.eq.edu.au
caravonicass.eq.edu.au,.eq.edu.au
carbrookss.eq.edu.au,.eq.edu.au
cardwellss.eq.edu.au,.eq.edu.au
carinass.eq.edu.au,.eq.edu.au
carmilass.eq.edu.au,.eq.edu.au
caroleparkss.eq.edu.au,.eq.edu.au
cavendishroadshs.eq.edu.au,.eq.edu.au
cawarralss.eq.edu.au,.eq.edu.au
cecilplainsss.eq.edu.au,.eq.edu.au
cedarcreekss.eq.edu.au,.eq.edu.au
centenaryshs.eq.edu.au,.eq.edu.au
centheigshs.eq.edu.au,.eq.edu.au
centoffss.eq.edu.au,.eq.edu.au
centralqld.eq.edu.au,.eq.edu.au
chancellorsc.eq.edu.au,.eq.edu.au
chapelhillss.eq.edu.au,.eq.edu.au
charlevillesde.eq.edu.au,.eq.edu.au
charlevilleshs.eq.edu.au,.eq.edu.au
charlevilless.eq.edu.au,.eq.edu.au
charterstowerscentralss.eq.edu.au,.eq.edu.au
charterstowerssde.eq.edu.au,.eq.edu.au
charterstowersshs.eq.edu.au,.eq.edu.au
chatswoodhillsss.eq.edu.au,.eq.edu.au
chatsworthss.eq.edu.au,.eq.edu.au
chelonass.eq.edu.au,.eq.edu.au
cherbourgss.eq.edu.au,.eq.edu.au
chevallumss.eq.edu.au,.eq.edu.au
childersss.eq.edu.au,.eq.edu.au
chillagoess.eq.edu.au,.eq.edu.au
chinchillashs.eq.edu.au,.eq.edu.au
chinchilss.eq.edu.au,.eq.edu.au
churchillss.eq.edu.au,.eq.edu.au
cis.eq.edu.au,.eq.edu.au
citecvsattestschool.eq.edu.au,.eq.edu.au
claremontspecs.eq.edu.au,.eq.edu.au
clarendonss.eq.edu.au,.eq.edu.au
claress.eq.edu.au,.eq.edu.au
clarkecreekss.eq.edu.au,.eq.edu.au
clermontshs.eq.edu.au,.eq.edu.au
clermontss.eq.edu.au,.eq.edu.au
clevelanddistrictshs.eq.edu.au,.eq.edu.au
clevelandetc.eq.edu.au,.eq.edu.au
clevelandss.eq.edu.au,.eq.edu.au
cliffordparkspecs.eq.edu.au,.eq.edu.au
cliftonshs.eq.edu.au,.eq.edu.au
cliftonss.eq.edu.au,.eq.edu.au
clintonss.eq.edu.au,.eq.edu.au
cloncurryss.eq.edu.au,.eq.edu.au
clontarfbeachshs.eq.edu.au,.eq.edu.au
clontarfbeachss.eq.edu.au,.eq.edu.au
cloverhillss.eq.edu.au,.eq.edu.au
cloynass.eq.edu.au,.eq.edu.au
coalstounlakesss.eq.edu.au,.eq.edu.au
codingcounts.biz,.biz
coding-counts.com,.com
codingcounts.com.au ,.com.au
codingcounts.info,.info
codingcounts.net,.net
codingcounts.net.au ,.net.au
codingcounts.org,.org
codingcounts.org.au ,.org.au
codo.eq.edu.au,.eq.edu.au
coenss.eq.edu.au,.eq.edu.au
collingwoodparkss.eq.edu.au,.eq.edu.au
collinsvilleshs.eq.edu.au,.eq.edu.au
collinsvilless.eq.edu.au,.eq.edu.au
columboolaeec.eq.edu.au,.eq.edu.au
cometss.eq.edu.au,.eq.edu.au
communitylanguageschools.eq.edu.au,.eq.edu.au
condaminess.eq.edu.au,.eq.edu.au
coningsbyss.eq.edu.au,.eq.edu.au
conondaless.eq.edu.au,.eq.edu.au
cooktownss.eq.edu.au,.eq.edu.au
coolabuniass.eq.edu.au,.eq.edu.au
coolangattass.eq.edu.au,.eq.edu.au
coolnwynpinss.eq.edu.au,.eq.edu.au
coolumshs.eq.edu.au,.eq.edu.au
coolumss.eq.edu.au,.eq.edu.au
coombabahss.eq.edu.au,.eq.edu.au
coombabashs.eq.edu.au,.eq.edu.au
coomerariversss.eq.edu.au,.eq.edu.au
coomeraspringsss.eq.edu.au,.eq.edu.au
coomerass.eq.edu.au,.eq.edu.au
coominyass.eq.edu.au,.eq.edu.au
coopersplainsss.eq.edu.au,.eq.edu.au
cooranss.eq.edu.au,.eq.edu.au
cooroyss.eq.edu.au,.eq.edu.au
coorparooccse.eq.edu.au,.eq.edu.au
coorparoosecondarycollege.eq.edu.au,.eq.edu.au
coorparooss.eq.edu.au,.eq.edu.au
coowongass.eq.edu.au,.eq.edu.au
cooyarss.eq.edu.au,.eq.edu.au
coppabellass.eq.edu.au,.eq.edu.au
cordalbass.eq.edu.au,.eq.edu.au
corindashs.eq.edu.au,.eq.edu.au
corindass.eq.edu.au,.eq.edu.au
corp.eq.edu.au,.eq.edu.au
corporate-vpn-dr.eq.edu.au,.eq.edu.au
craigsleashs.eq.edu.au,.eq.edu.au
craigsleass.eq.edu.au,.eq.edu.au
cranbrookss.eq.edu.au,.eq.edu.au
crawfordss.eq.edu.au,.eq.edu.au
crescentlagoonss.eq.edu.au,.eq.edu.au
crestmeadss.eq.edu.au,.eq.edu.au
crowsnestss.eq.edu.au,.eq.edu.au
croydonss.eq.edu.au,.eq.edu.au
cunnamullap12ss.eq.edu.au,.eq.edu.au
currajongss.eq.edu.au,.eq.edu.au
curriculum.qld.gov.au,.qld.gov.au
currimundispecs.eq.edu.au,.eq.edu.au
currimundiss.eq.edu.au,.eq.edu.au
currumbinfarmschool.eq.edu.au,.eq.edu.au
currumbinspecs.eq.edu.au,.eq.edu.au
currumbinss.eq.edu.au,.eq.edu.au
currumbinvalleyss.eq.edu.au,.eq.edu.au
cyaaa.eq.edu.au,.eq.edu.au
dagunss.eq.edu.au,.eq.edu.au
daintreess.eq.edu.au,.eq.edu.au
daisyhillss.eq.edu.au,.eq.edu.au
dajarrass.eq.edu.au,.eq.edu.au
dakabinshs.eq.edu.au,.eq.edu.au
dakabinss.eq.edu.au,.eq.edu.au
dalbsoutss.eq.edu.au,.eq.edu.au
dalbyshs.eq.edu.au,.eq.edu.au
dalbyshsbunya.eq.edu.au,.eq.edu.au
dalbyss.eq.edu.au,.eq.edu.au
dallarniss.eq.edu.au,.eq.edu.au
dalrymplettc.eq.edu.au,.eq.edu.au
dalveenss.eq.edu.au,.eq.edu.au
daradgeeeec.eq.edu.au,.eq.edu.au
darlingheightsss.eq.edu.au,.eq.edu.au
darlingpointspecs.eq.edu.au,.eq.edu.au
darlingtonss.eq.edu.au,.eq.edu.au
darnislass.eq.edu.au,.eq.edu.au
darrass.eq.edu.au,.eq.edu.au
dauaislass.eq.edu.au,.eq.edu.au
dayboross.eq.edu.au,.eq.edu.au
ddschoolsport.eq.edu.au,.eq.edu.au
deceptionbaynorthss.eq.edu.au,.eq.edu.au
deceptionbayshs.eq.edu.au,.eq.edu.au
deceptionbayss.eq.edu.au,.eq.edu.au
deebingheightsss.eq.edu.au,.eq.edu.au
delaneyscreekss.eq.edu.au,.eq.edu.au
denisekablecampus.eq.edu.au,.eq.edu.au
denisonss.eq.edu.au,.eq.edu.au
depothillss.eq.edu.au,.eq.edu.au
det.qld.gov.au,.qld.gov.au
deta.qld.gov.au,.qld.gov.au
dete.edu.au,.edu.au
dete.qld.edu.au,.qld.edu.au
dete.qld.gov.au,.qld.gov.au
det-school.eq.edu.au,.eq.edu.au
dev.eq.edu.au,.eq.edu.au
dimbulahss.eq.edu.au,.eq.edu.au
dingoss.eq.edu.au,.eq.edu.au
dirranbandiss.eq.edu.au,.eq.edu.au
discussions.eq.edu.au,.eq.edu.au
distanceeducation.eq.edu.au,.eq.edu.au
doomadgeess.eq.edu.au,.eq.edu.au
downs-southwest.eq.edu.au,.eq.edu.au
draytonss.eq.edu.au,.eq.edu.au
drillhamss.eq.edu.au,.eq.edu.au
duaringass.eq.edu.au,.eq.edu.au
dukesaward.qld.gov.au,.qld.gov.au
dulaccass.eq.edu.au,.eq.edu.au
dundulass.eq.edu.au,.eq.edu.au
dunkeldss.eq.edu.au,.eq.edu.au
dunwichss.eq.edu.au,.eq.edu.au
durackss.eq.edu.au,.eq.edu.au
durongsouthss.eq.edu.au,.eq.edu.au
duttonparkss.eq.edu.au,.eq.edu.au
dysartshs.eq.edu.au,.eq.edu.au
dysartss.eq.edu.au,.eq.edu.au
eaglebylc.eq.edu.au,.eq.edu.au
eaglebysouthss.eq.edu.au,.eq.edu.au
eaglebyss.eq.edu.au,.eq.edu.au
eaglejunctionss.eq.edu.au,.eq.edu.au
ealdhub.edu.au,.edu.au
earlychildhood.qld.gov.au,.qld.gov.au
earnshawsc.eq.edu.au,.eq.edu.au
eastayrss.eq.edu.au,.eq.edu.au
eastbrisbaness.eq.edu.au,.eq.edu.au
eatonshillss.eq.edu.au,.eq.edu.au
edenslandingss.eq.edu.au,.eq.edu.au
edgehillss.eq.edu.au,.eq.edu.au
education.qld.gov.au,.qld.gov.au
educationq.com.au,.com.au
educationqld.com,.com
educationqld.info,.info
educationqld.net,.net
educationqld.net.au,.net.au
educationqld.org,.org
educationqueensland.com.au,.com.au
educationqueensland.info,.info
educationqueensland.net,.net
educationqueensland.net.au,.net.au
educationqueensland.org,.org
eformsx.eq.edu.au,.eq.edu.au
eidsvoldss.eq.edu.au,.eq.edu.au
eightmileplainsss.eq.edu.au,.eq.edu.au
eimeoroadss.eq.edu.au,.eq.edu.au
ekindy.qld.edu.au,.qld.edu.au
elanorashs.eq.edu.au,.eq.edu.au
elanorass.eq.edu.au,.eq.edu.au
elarishss.eq.edu.au,.eq.edu.au
elearn.eq.edu.au,.eq.edu.au
elimbahss.eq.edu.au,.eq.edu.au
elliottheadsss.eq.edu.au,.eq.edu.au
emeraldnorthss.eq.edu.au,.eq.edu.au
emeraldshs.eq.edu.au,.eq.edu.au
emeraldss.eq.edu.au,.eq.edu.au
emucreekss.eq.edu.au,.eq.edu.au
emuparkss.eq.edu.au,.eq.edu.au
enable.eq.edu.au,.eq.edu.au
enoggerass.eq.edu.au,.eq.edu.au
enterpriseenrollment.eq.edu.au,.eq.edu.au
enterpriseregistration.eq.edu.au,.eq.edu.au
eq.edu.au,.edu.au
eqi.com.au,.com.au
eqqld.com,.com
eqqld.com.au,.com.au
eqqld.info,.info
eqqld.net,.net
eqqld.net.au,.net.au
eqqld.org,.org
eqqueensland.com,.com
eqqueensland.com.au,.com.au
eqqueensland.info,.info
eqqueensland.net,.net
eqqueensland.net.au,.net.au
eqqueensland.org,.org
eqstats.eq.edu.au,.eq.edu.au
eromangass.eq.edu.au,.eq.edu.au
eskss.eq.edu.au,.eq.edu.au
etonss.eq.edu.au,.eq.edu.au
eudloss.eq.edu.au,.eq.edu.au
euloss.eq.edu.au,.eq.edu.au
eumundiss.eq.edu.au,.eq.edu.au
eungellass.eq.edu.au,.eq.edu.au
evertonparkshs.eq.edu.au,.eq.edu.au
evertonparkss.eq.edu.au,.eq.edu.au
everydaycounts.eq.edu.au,.eq.edu.au
experiencepays.qld.gov.au,.qld.gov.au
fairviewheightsss.eq.edu.au,.eq.edu.au
farleighss.eq.edu.au,.eq.edu.au
farnboroughss.eq.edu.au,.eq.edu.au
federalss.eq.edu.au,.eq.edu.au
felugass.eq.edu.au,.eq.edu.au
fernbrookess.eq.edu.au,.eq.edu.au
fernhillss.eq.edu.au,.eq.edu.au
fernvaless.eq.edu.au,.eq.edu.au
fernygroveshs.eq.edu.au,.eq.edu.au
fernygrovess.eq.edu.au,.eq.edu.au
figtreepocketss.eq.edu.au,.eq.edu.au
finchhattonss.eq.edu.au,.eq.edu.au
fitzgeraldss.eq.edu.au,.eq.edu.au
flagcreess.eq.edu.au,.eq.edu.au
flagstonescc.eq.edu.au,.eq.edu.au
flagstonss.eq.edu.au,.eq.edu.au
flyingfishpointss.eq.edu.au,.eq.edu.au
foresthillss.eq.edu.au,.eq.edu.au
forestlakeshs.eq.edu.au,.eq.edu.au
forestlakess.eq.edu.au,.eq.edu.au
forrestbeachss.eq.edu.au,.eq.edu.au
forsaythss.eq.edu.au,.eq.edu.au
fortitudevalleyssc.eq.edu.au,.eq.edu.au
foundationsforsuccess.qld.edu.au,.qld.edu.au
foxwellssc.eq.edu.au,.eq.edu.au
freestoness.eq.edu.au,.eq.edu.au
frenchvilless.eq.edu.au,.eq.edu.au
freshwaterss.eq.edu.au,.eq.edu.au
ftp.eq.edu.au,.eq.edu.au
gabbinbarss.eq.edu.au,.eq.edu.au
garbuttss.eq.edu.au,.eq.edu.au
gargettss.eq.edu.au,.eq.edu.au
gattonss.eq.edu.au,.eq.edu.au
gavenss.eq.edu.au,.eq.edu.au
gayndahss.eq.edu.au,.eq.edu.au
gc2018Embracelearning.edu.au,.edu.au
geebungspecs.eq.edu.au,.eq.edu.au
geebungss.eq.edu.au,.eq.edu.au
gehamss.eq.edu.au,.eq.edu.au
georgetownss.eq.edu.au,.eq.edu.au
gilstonss.eq.edu.au,.eq.edu.au
gindiess.eq.edu.au,.eq.edu.au
ginginshs.eq.edu.au,.eq.edu.au
ginginss.eq.edu.au,.eq.edu.au
giruss.eq.edu.au,.eq.edu.au
giveldass.eq.edu.au,.eq.edu.au
gladstonecentralss.eq.edu.au,.eq.edu.au
gladstonesouthss.eq.edu.au,.eq.edu.au
gladstonewestss.eq.edu.au,.eq.edu.au
gladstonshs.eq.edu.au,.eq.edu.au
glamorganvaless.eq.edu.au,.eq.edu.au
glasshousemountainsss.eq.edu.au,.eq.edu.au
glenalashs.eq.edu.au,.eq.edu.au
glenaplinss.eq.edu.au,.eq.edu.au
glendenss.eq.edu.au,.eq.edu.au
gleneagless.eq.edu.au,.eq.edu.au
glenellass.eq.edu.au,.eq.edu.au
glenmoreshs.eq.edu.au,.eq.edu.au
glenmoress.eq.edu.au,.eq.edu.au
glenmorganss.eq.edu.au,.eq.edu.au
glennieheightsss.eq.edu.au,.eq.edu.au
glenoregrovess.eq.edu.au,.eq.edu.au
glenvaless.eq.edu.au,.eq.edu.au
glenviewss.eq.edu.au,.eq.edu.au
glenwoodss.eq.edu.au,.eq.edu.au
globaltropicsfuture.eq.edu.au,.eq.edu.au
gogangoss.eq.edu.au,.eq.edu.au
goldenbeachss.eq.edu.au,.eq.edu.au
gooburrumss.eq.edu.au,.eq.edu.au
goodnaspecs.eq.edu.au,.eq.edu.au
goodnass.eq.edu.au,.eq.edu.au
goodwoodss.eq.edu.au,.eq.edu.au
goombungeess.eq.edu.au,.eq.edu.au
goomeriss.eq.edu.au,.eq.edu.au
goondiss.eq.edu.au,.eq.edu.au
goondiwindishs.eq.edu.au,.eq.edu.au
goondiwindiss.eq.edu.au,.eq.edu.au
goovigenss.eq.edu.au,.eq.edu.au
gordonvalehigh.eq.edu.au,.eq.edu.au
gordonvaless.eq.edu.au,.eq.edu.au
gowriess.eq.edu.au,.eq.edu.au
gracemeress.eq.edu.au,.eq.edu.au
gracevilless.eq.edu.au,.eq.edu.au
grandavenuess.eq.edu.au,.eq.edu.au
grandchesterss.eq.edu.au,.eq.edu.au
granthamss.eq.edu.au,.eq.edu.au
granvilless.eq.edu.au,.eq.edu.au
graphs.eq.edu.au,.eq.edu.au
greenbankss.eq.edu.au,.eq.edu.au
greenlandsss.eq.edu.au,.eq.edu.au
greenmountss.eq.edu.au,.eq.edu.au
greenslopesss.eq.edu.au,.eq.edu.au
greenvaless.eq.edu.au,.eq.edu.au
griffinss.eq.edu.au,.eq.edu.au
grosmontss.eq.edu.au,.eq.edu.au
grovelyss.eq.edu.au,.eq.edu.au
gslb1.eq.edu.au,.eq.edu.au
gslb2.eq.edu.au,.eq.edu.au
gslb3.eq.edu.au,.eq.edu.au
gslb4.eq.edu.au,.eq.edu.au
gulugubass.eq.edu.au,.eq.edu.au
gumdaless.eq.edu.au,.eq.edu.au
gumluss.eq.edu.au,.eq.edu.au
gunaldass.eq.edu.au,.eq.edu.au
gundiahss.eq.edu.au,.eq.edu.au
gympiecentralss.eq.edu.au,.eq.edu.au
gympieeastss.eq.edu.au,.eq.edu.au
gympieshs.eq.edu.au,.eq.edu.au
gympiesouthss.eq.edu.au,.eq.edu.au
gympiespecs.eq.edu.au,.eq.edu.au
gympiewestss.eq.edu.au,.eq.edu.au
hadenss.eq.edu.au,.eq.edu.au
haigsleass.eq.edu.au,.eq.edu.au
halifaxss.eq.edu.au,.eq.edu.au
hambledonss.eq.edu.au,.eq.edu.au
hamiltonislandss.eq.edu.au,.eq.edu.au
hamiltonss.eq.edu.au,.eq.edu.au
hampdenss.eq.edu.au,.eq.edu.au
hannafordss.eq.edu.au,.eq.edu.au
happyvalleyss.eq.edu.au,.eq.edu.au
harbourwatch.eq.edu.au,.eq.edu.au
harlaxtonss.eq.edu.au,.eq.edu.au
harlinss.eq.edu.au,.eq.edu.au
harrisfieldsss.eq.edu.au,.eq.edu.au
harristownshs.eq.edu.au,.eq.edu.au
harristownss.eq.edu.au,.eq.edu.au
harrisvilless.eq.edu.au,.eq.edu.au
hattonvaless.eq.edu.au,.eq.edu.au
haymanislandss.eq.edu.au,.eq.edu.au
healyss.eq.edu.au,.eq.edu.au
heatleyadultsc.eq.edu.au,.eq.edu.au
heatleysc.eq.edu.au,.eq.edu.au
heatleyss.eq.edu.au,.eq.edu.au
hebelss.eq.edu.au,.eq.edu.au
helensvaleshs.eq.edu.au,.eq.edu.au
helensvaless.eq.edu.au,.eq.edu.au
helidonss.eq.edu.au,.eq.edu.au
hendrass.eq.edu.au,.eq.edu.au
herbertonss.eq.edu.au,.eq.edu.au
herculesroadss.eq.edu.au,.eq.edu.au
hermitparkss.eq.edu.au,.eq.edu.au
herveybayshs.eq.edu.au,.eq.edu.au
herveybayspecs.eq.edu.au,.eq.edu.au
highfieldsss.eq.edu.au,.eq.edu.au
highfieldsssc.eq.edu.au,.eq.edu.au
highlandreservess.eq.edu.au,.eq.edu.au
hilderroadss.eq.edu.au,.eq.edu.au
hilliardss.eq.edu.au,.eq.edu.au
hillviewss.eq.edu.au,.eq.edu.au
hollandparkshs.eq.edu.au,.eq.edu.au
hollandparkss.eq.edu.au,.eq.edu.au
hollowaysbeacheec.eq.edu.au,.eq.edu.au
homebushss.eq.edu.au,.eq.edu.au
homehillshs.eq.edu.au,.eq.edu.au
homehillss.eq.edu.au,.eq.edu.au
homesteadss.eq.edu.au,.eq.edu.au
hopevaless.eq.edu.au,.eq.edu.au
hornislass.eq.edu.au,.eq.edu.au
hote.eq.edu.au,.eq.edu.au
howardss.eq.edu.au,.eq.edu.au
hrcr.eq.edu.au,.eq.edu.au
hughendess.eq.edu.au,.eq.edu.au
humpybongss.eq.edu.au,.eq.edu.au
ibroadcast.eq.edu.au,.eq.edu.au
ics.eq.edu.au,.eq.edu.au
ilfracombess.eq.edu.au,.eq.edu.au
impact.edu.au,.edu.au
impact.eq.edu.au,.eq.edu.au
inalass.eq.edu.au,.eq.edu.au
indigenousportal.eq.edu.au,.eq.edu.au
indooroopillyss.eq.edu.au,.eq.edu.au
indoorooshs.eq.edu.au,.eq.edu.au
inghamshs.eq.edu.au,.eq.edu.au
inghamss.eq.edu.au,.eq.edu.au
inglesidess.eq.edu.au,.eq.edu.au
inglewoodss.eq.edu.au,.eq.edu.au
injuness.eq.edu.au,.eq.edu.au
innisfaileastss.eq.edu.au,.eq.edu.au
innisfailsc.eq.edu.au,.eq.edu.au
innisfailss.eq.edu.au,.eq.edu.au
intranet.eq.edu.au,.eq.edu.au
ipsalliance.eq.edu.au,.eq.edu.au
ipswcentss.eq.edu.au,.eq.edu.au
ipsweastss.eq.edu.au,.eq.edu.au
ipswichnorthss.eq.edu.au,.eq.edu.au
ipswichshs.eq.edu.au,.eq.edu.au
ipswichspecs.eq.edu.au,.eq.edu.au
ipswichwestss.eq.edu.au,.eq.edu.au
ipswwestspecs.eq.edu.au,.eq.edu.au
ironsidess.eq.edu.au,.eq.edu.au
irvinebankss.eq.edu.au,.eq.edu.au
isabellass.eq.edu.au,.eq.edu.au
isisdistrictshs.eq.edu.au,.eq.edu.au
isisfordss.eq.edu.au,.eq.edu.au
issustaff.net.au,.net.au
ithacacreekss.eq.edu.au,.eq.edu.au
jacobswelleec.eq.edu.au,.eq.edu.au
jambinss.eq.edu.au,.eq.edu.au
jamboreeheightsss.eq.edu.au,.eq.edu.au
jamesnashshs.eq.edu.au,.eq.edu.au
jandowaess.eq.edu.au,.eq.edu.au
jarvisfieldss.eq.edu.au,.eq.edu.au
jerichoss.eq.edu.au,.eq.edu.au
jimboombass.eq.edu.au,.eq.edu.au
jimbourss.eq.edu.au,.eq.edu.au
jindaleess.eq.edu.au,.eq.edu.au
jinibarass.eq.edu.au,.eq.edu.au
jondaryanss.eq.edu.au,.eq.edu.au
jonehillss.eq.edu.au,.eq.edu.au
julattenss.eq.edu.au,.eq.edu.au
juliacreekss.eq.edu.au,.eq.edu.au
junctionparkss.eq.edu.au,.eq.edu.au
jundahss.eq.edu.au,.eq.edu.au
kaimkillenbunss.eq.edu.au,.eq.edu.au
kairiss.eq.edu.au,.eq.edu.au
kalamiass.eq.edu.au,.eq.edu.au
kalbarss.eq.edu.au,.eq.edu.au
kalkiess.eq.edu.au,.eq.edu.au
kallangurss.eq.edu.au,.eq.edu.au
kandangass.eq.edu.au,.eq.edu.au
karaleess.eq.edu.au,.eq.edu.au
kararass.eq.edu.au,.eq.edu.au
karumbass.eq.edu.au,.eq.edu.au
kawanawaterssc.eq.edu.au,.eq.edu.au
kawunganss.eq.edu.au,.eq.edu.au
kedronshs.eq.edu.au,.eq.edu.au
kedronss.eq.edu.au,.eq.edu.au
keebraparkshs.eq.edu.au,.eq.edu.au
kelsoss.eq.edu.au,.eq.edu.au
kelvingrovesc.eq.edu.au,.eq.edu.au
kenilworthscc.eq.edu.au,.eq.edu.au
kenmoreshs.eq.edu.au,.eq.edu.au
kenmoresouthss.eq.edu.au,.eq.edu.au
kenmoress.eq.edu.au,.eq.edu.au
kennedyss.eq.edu.au,.eq.edu.au
kentvilless.eq.edu.au,.eq.edu.au
kepnockshs.eq.edu.au,.eq.edu.au
keppelsandsss.eq.edu.au,.eq.edu.au
kiaorass.eq.edu.au,.eq.edu.au
kilcoyshs.eq.edu.au,.eq.edu.au
kilcoyss.eq.edu.au,.eq.edu.au
kilcumminss.eq.edu.au,.eq.edu.au
kilkivanss.eq.edu.au,.eq.edu.au
killarness.eq.edu.au,.eq.edu.au
kimberleyparkss.eq.edu.au,.eq.edu.au
kinchantoec.eq.edu.au,.eq.edu.au
kindonss.eq.edu.au,.eq.edu.au
kingaroyshs.eq.edu.au,.eq.edu.au
kingaroyss.eq.edu.au,.eq.edu.au
kingsthorpess.eq.edu.au,.eq.edu.au
kingstonccse.eq.edu.au,.eq.edu.au
kingstonsc.eq.edu.au,.eq.edu.au
kingstonss.eq.edu.au,.eq.edu.au
kinkinss.eq.edu.au,.eq.edu.au
kinkorass.eq.edu.au,.eq.edu.au
kiomass.eq.edu.au,.eq.edu.au
kipparingss.eq.edu.au,.eq.edu.au
kirwanshs.eq.edu.au,.eq.edu.au
kirwanss.eq.edu.au,.eq.edu.au
koganss.eq.edu.au,.eq.edu.au
kolansouthss.eq.edu.au,.eq.edu.au
koumalass.eq.edu.au,.eq.edu.au
kowanyamass.eq.edu.au,.eq.edu.au
krugerss.eq.edu.au,.eq.edu.au
kubinss.eq.edu.au,.eq.edu.au
kulpss.eq.edu.au,.eq.edu.au
kuluinss.eq.edu.au,.eq.edu.au
kumbiass.eq.edu.au,.eq.edu.au
kurabyspecs.eq.edu.au,.eq.edu.au
kurabyss.eq.edu.au,.eq.edu.au
kurandadistrictsc.eq.edu.au,.eq.edu.au
kurwongbahss.eq.edu.au,.eq.edu.au
labradorss.eq.edu.au,.eq.edu.au
lafhas.eq.edu.au,.eq.edu.au
laidleydistrictss.eq.edu.au,.eq.edu.au
laidleyshs.eq.edu.au,.eq.edu.au
lakeclarendonss.eq.edu.au,.eq.edu.au
lakelandss.eq.edu.au,.eq.edu.au
lakescreekss.eq.edu.au,.eq.edu.au
landsborss.eq.edu.au,.eq.edu.au
laurass.eq.edu.au,.eq.edu.au
lawntonss.eq.edu.au,.eq.edu.au
learnastro.eq.edu.au,.eq.edu.au
learningplace.com.au ,.com.au
learningplace.eq.edu.au,.eq.edu.au
learningplace.net.au,.net.au
learningtech.eq.edu.au,.eq.edu.au
leestreetspecs.eq.edu.au,.eq.edu.au
leichhardtss.eq.edu.au,.eq.edu.au
leyburnss.eq.edu.au,.eq.edu.au
linvilless.eq.edu.au,.eq.edu.au
lochingtonss.eq.edu.au,.eq.edu.au
lockhartss.eq.edu.au,.eq.edu.au
lockrosess.eq.edu.au,.eq.edu.au
lockyerdistrictshs.eq.edu.au,.eq.edu.au
logancityspecs.eq.edu.au,.eq.edu.au
loganholmess.eq.edu.au,.eq.edu.au
loganleashs.eq.edu.au,.eq.edu.au
loganreservess.eq.edu.au,.eq.edu.au
loganvillagess.eq.edu.au,.eq.edu.au
longreachsde.eq.edu.au,.eq.edu.au
longreachshs.eq.edu.au,.eq.edu.au
longreachss.eq.edu.au,.eq.edu.au
lotass.eq.edu.au,.eq.edu.au
lowertullyss.eq.edu.au,.eq.edu.au
lowmeadss.eq.edu.au,.eq.edu.au
lowoodshs.eq.edu.au,.eq.edu.au
lowoodss.eq.edu.au,.eq.edu.au
lundavrass.eq.edu.au,.eq.edu.au
mabelparkshs.eq.edu.au,.eq.edu.au
mabelparkss.eq.edu.au,.eq.edu.au
mabuislass.eq.edu.au,.eq.edu.au
macgregorshs.eq.edu.au,.eq.edu.au
macgregorss.eq.edu.au,.eq.edu.au
machansbeachss.eq.edu.au,.eq.edu.au
mackaycentralss.eq.edu.au,.eq.edu.au
mackaydistrictspecs.eq.edu.au,.eq.edu.au
mackaynorthshs.eq.edu.au,.eq.edu.au
mackayshs.eq.edu.au,.eq.edu.au
mackaywestss.eq.edu.au,.eq.edu.au
mackenziespecs.eq.edu.au,.eq.edu.au
mackenziess.eq.edu.au,.eq.edu.au
macknadess.eq.edu.au,.eq.edu.au
macknorthbeachesshs.eq.edu.au,.eq.edu.au
macknortss.eq.edu.au,.eq.edu.au
macleayislandss.eq.edu.au,.eq.edu.au
magneticislandss.eq.edu.au,.eq.edu.au
maidavaless.eq.edu.au,.eq.edu.au
mail.eq.edu.au,.eq.edu.au
malandashs.eq.edu.au,.eq.edu.au
malandass.eq.edu.au,.eq.edu.au
malenyshs.eq.edu.au,.eq.edu.au
malenyss.eq.edu.au,.eq.edu.au
malukiwass.eq.edu.au,.eq.edu.au
mamacreekss.eq.edu.au,.eq.edu.au
mangohillss.eq.edu.au,.eq.edu.au
mangohillssc.eq.edu.au,.eq.edu.au
manlyss.eq.edu.au,.eq.edu.au
manlywestss.eq.edu.au,.eq.edu.au
mansfieldshs.eq.edu.au,.eq.edu.au
mansfieldss.eq.edu.au,.eq.edu.au
mapletonss.eq.edu.au,.eq.edu.au
mapoonss.eq.edu.au,.eq.edu.au
marburgss.eq.edu.au,.eq.edu.au
mareebashs.eq.edu.au,.eq.edu.au
mareebass.eq.edu.au,.eq.edu.au
marianss.eq.edu.au,.eq.edu.au
marlboross.eq.edu.au,.eq.edu.au
marmorss.eq.edu.au,.eq.edu.au
maroochydoreshs.eq.edu.au,.eq.edu.au
maroochydoress.eq.edu.au,.eq.edu.au
maroondanss.eq.edu.au,.eq.edu.au
maroonoec.eq.edu.au,.eq.edu.au
maroonss.eq.edu.au,.eq.edu.au
marsdenshs.eq.edu.au,.eq.edu.au
marsdenss.eq.edu.au,.eq.edu.au
marshallroadss.eq.edu.au,.eq.edu.au
maryboroughcentralss.eq.edu.au,.eq.edu.au
maryboroughshs.eq.edu.au,.eq.edu.au
maryboroughspecs.eq.edu.au,.eq.edu.au
Maryboroughttc.eq.edu.au,.eq.edu.au
maryvaless.eq.edu.au,.eq.edu.au
maryvalleysc.eq.edu.au,.eq.edu.au
marywestss.eq.edu.au,.eq.edu.au
mayfieldss.eq.edu.au,.eq.edu.au
mcdonnellcreekss.eq.edu.au,.eq.edu.au
mcdowallss.eq.edu.au,.eq.edu.au
mcilwraithss.eq.edu.au,.eq.edu.au
meandarrass.eq.edu.au,.eq.edu.au
mec.eq.edu.au,.eq.edu.au
mediasite.eq.edu.au,.eq.edu.au
mediasite5.eq.edu.au,.eq.edu.au
mediasitevideo.eq.edu.au,.eq.edu.au
menacreekss.eq.edu.au,.eq.edu.au
meridansc.eq.edu.au,.eq.edu.au
merindass.eq.edu.au,.eq.edu.au
meringandanss.eq.edu.au,.eq.edu.au
merrimacshs.eq.edu.au,.eq.edu.au
merrimacss.eq.edu.au,.eq.edu.au
merss.eq.edu.au,.eq.edu.au
meteastschoolsport.eq.edu.au,.eq.edu.au
metnorthschoolsport.eq.edu.au,.eq.edu.au
metropolitan.eq.edu.au,.eq.edu.au
metwestschoolsport.eq.edu.au,.eq.edu.au
mialloss.eq.edu.au,.eq.edu.au
miamishs.eq.edu.au,.eq.edu.au
miamiss.eq.edu.au,.eq.edu.au
middlemountcs.eq.edu.au,.eq.edu.au
middleparkss.eq.edu.au,.eq.edu.au
middleridgess.eq.edu.au,.eq.edu.au
miis.eq.edu.au,.eq.edu.au
milesshs.eq.edu.au,.eq.edu.au
milesss.eq.edu.au,.eq.edu.au
millaamillaass.eq.edu.au,.eq.edu.au
millarooss.eq.edu.au,.eq.edu.au
millchesterss.eq.edu.au,.eq.edu.au
millmerranss.eq.edu.au,.eq.edu.au
milmanss.eq.edu.au,.eq.edu.au
milperashs.eq.edu.au,.eq.edu.au
miltonss.eq.edu.au,.eq.edu.au
mindenss.eq.edu.au,.eq.edu.au
minimbahss.eq.edu.au,.eq.edu.au
miranishs.eq.edu.au,.eq.edu.au
miraniss.eq.edu.au,.eq.edu.au
miriamvaless.eq.edu.au,.eq.edu.au
mirriwinniss.eq.edu.au,.eq.edu.au
mis.eq.edu.au,.eq.edu.au
mis-ccc.eq.edu.au,.eq.edu.au
missionbeachss.eq.edu.au,.eq.edu.au
mistakecreekss.eq.edu.au,.eq.edu.au
mis-webcentral.eq.edu.au,.eq.edu.au
mitchellss.eq.edu.au,.eq.edu.au
mitcheltonshs.eq.edu.au,.eq.edu.au
mitcheltonspecs.eq.edu.au,.eq.edu.au
mitcheltonss.eq.edu.au,.eq.edu.au
moess.eq.edu.au,.eq.edu.au
moffatdass.eq.edu.au,.eq.edu.au
moggillss.eq.edu.au,.eq.edu.au
monklandss.eq.edu.au,.eq.edu.au
monogorilbyss.eq.edu.au,.eq.edu.au
montoshs.eq.edu.au,.eq.edu.au
montoss.eq.edu.au,.eq.edu.au
montvilless.eq.edu.au,.eq.edu.au
mooloolabass.eq.edu.au,.eq.edu.au
mooloolahss.eq.edu.au,.eq.edu.au
mooniess.eq.edu.au,.eq.edu.au
mooreparkbeachss.eq.edu.au,.eq.edu.au
mooreparkss.eq.edu.au,.eq.edu.au
moorookass.eq.edu.au,.eq.edu.au
moranbaheastss.eq.edu.au,.eq.edu.au
moranbahshs.eq.edu.au,.eq.edu.au
moranbahss.eq.edu.au,.eq.edu.au
morayfieldeastss.eq.edu.au,.eq.edu.au
morayfieldshs.eq.edu.au,.eq.edu.au
morayfieldss.eq.edu.au,.eq.edu.au
moretondownsss.eq.edu.au,.eq.edu.au
moretoneec.eq.edu.au,.eq.edu.au
morningsidess.eq.edu.au,.eq.edu.au
morningtonislandss.eq.edu.au,.eq.edu.au
morvenss.eq.edu.au,.eq.edu.au
mossmanshs.eq.edu.au,.eq.edu.au
mossmanss.eq.edu.au,.eq.edu.au
mountaincreekshs.eq.edu.au,.eq.edu.au
mourashs.eq.edu.au,.eq.edu.au
mourass.eq.edu.au,.eq.edu.au
mourilyanss.eq.edu.au,.eq.edu.au
mpe.eq.edu.au,.eq.edu.au
mpe.qld.edu.au,.qld.edu.au
mtalfordss.eq.edu.au,.eq.edu.au
mtarcherss.eq.edu.au,.eq.edu.au
mtcottonss.eq.edu.au,.eq.edu.au
mtcrosbyss.eq.edu.au,.eq.edu.au
mtfoxss.eq.edu.au,.eq.edu.au
mtgarnetss.eq.edu.au,.eq.edu.au
mtgravatteastss.eq.edu.au,.eq.edu.au
mtgravattshs.eq.edu.au,.eq.edu.au
mtgravattss.eq.edu.au,.eq.edu.au
mtisacentralss.eq.edu.au,.eq.edu.au
mtisasde.eq.edu.au,.eq.edu.au
mtisaspecs.eq.edu.au,.eq.edu.au
mtkilcoyss.eq.edu.au,.eq.edu.au
mtlarcomss.eq.edu.au,.eq.edu.au
mtmarrowss.eq.edu.au,.eq.edu.au
mtmeess.eq.edu.au,.eq.edu.au
mtmolloyss.eq.edu.au,.eq.edu.au
mtmorganshs.eq.edu.au,.eq.edu.au
mtmorganss.eq.edu.au,.eq.edu.au
mtmurchisonss.eq.edu.au,.eq.edu.au
mtncreekss.eq.edu.au,.eq.edu.au
mtneboss.eq.edu.au,.eq.edu.au
mtommaneyspecs.eq.edu.au,.eq.edu.au
mtperryss.eq.edu.au,.eq.edu.au
mtsamsonss.eq.edu.au,.eq.edu.au
mtsurprisess.eq.edu.au,.eq.edu.au
mtsylviass.eq.edu.au,.eq.edu.au
mttarampass.eq.edu.au,.eq.edu.au
mttysonss.eq.edu.au,.eq.edu.au
mtwarrenparkss.eq.edu.au,.eq.edu.au
mtwhitestoness.eq.edu.au,.eq.edu.au
mudgeerabacreekss.eq.edu.au,.eq.edu.au
mudgeerabaspecs.eq.edu.au,.eq.edu.au
mudgeerabass.eq.edu.au,.eq.edu.au
mulgildiess.eq.edu.au,.eq.edu.au
mundingburrass.eq.edu.au,.eq.edu.au
mundooss.eq.edu.au,.eq.edu.au
mundubberass.eq.edu.au,.eq.edu.au
mungallalass.eq.edu.au,.eq.edu.au
mungarss.eq.edu.au,.eq.edu.au
murarriess.eq.edu.au,.eq.edu.au
murgonshs.eq.edu.au,.eq.edu.au
murgonss.eq.edu.au,.eq.edu.au
murphyscreekss.eq.edu.au,.eq.edu.au
murrayriverupperss.eq.edu.au,.eq.edu.au
murraysbridgess.eq.edu.au,.eq.edu.au
murrumbassc.eq.edu.au,.eq.edu.au
musgravehillss.eq.edu.au,.eq.edu.au
musicrc.eq.edu.au,.eq.edu.au
mutarneess.eq.edu.au,.eq.edu.au
mutchilbass.eq.edu.au,.eq.edu.au
mutdapillyss.eq.edu.au,.eq.edu.au
muttaburrass.eq.edu.au,.eq.edu.au
mx.eq.edu.au,.eq.edu.au
mxa.eq.edu.au,.eq.edu.au
mxb.eq.edu.au,.eq.edu.au
myhr-rct.eq.edu.au,.eq.edu.au
myservices.eq.edu.au,.eq.edu.au
mywebsite.eq.edu.au,.eq.edu.au
nagoorinss.eq.edu.au,.eq.edu.au
namboursc.eq.edu.au,.eq.edu.au
nambourspecs.eq.edu.au,.eq.edu.au
nambourss.eq.edu.au,.eq.edu.au
nanangoshs.eq.edu.au,.eq.edu.au
nanangoss.eq.edu.au,.eq.edu.au
naplanonline.biz,.biz
naplanonline.info,.info
naplanonline.net,.net
naplanonline.org,.org
naplanonline.org.au,.org.au
naplanonline.qld.edu.au,.qld.edu.au
naplantestschool.eq.edu.au,.eq.edu.au
narangbass.eq.edu.au,.eq.edu.au
narangbavalleyshs.eq.edu.au,.eq.edu.au
narangbavalleyss.eq.edu.au,.eq.edu.au
narbethongspecs.eq.edu.au,.eq.edu.au
nashvilless.eq.edu.au,.eq.edu.au
neboss.eq.edu.au,.eq.edu.au
nerangshs.eq.edu.au,.eq.edu.au
nerangss.eq.edu.au,.eq.edu.au
newfarmss.eq.edu.au,.eq.edu.au
newhighschoolincalliope.eq.edu.au,.eq.edu.au
newhighschoolinnercitysouth.eq.edu.au,.eq.edu.au
newhighschoolinripleyvalley.eq.edu.au,.eq.edu.au
newmarketss.eq.edu.au,.eq.edu.au
newprimaryschoolinripleyvalley.eq.edu.au,.eq.edu.au
newtownss.eq.edu.au,.eq.edu.au
nobbyss.eq.edu.au,.eq.edu.au
noosadistrictshs.eq.edu.au,.eq.edu.au
noosavilless.eq.edu.au,.eq.edu.au
norfolkvillagess.eq.edu.au,.eq.edu.au
normanparkss.eq.edu.au,.eq.edu.au
normantonss.eq.edu.au,.eq.edu.au
norrisroadss.eq.edu.au,.eq.edu.au
north.eq.edu.au,.eq.edu.au
northarmss.eq.edu.au,.eq.edu.au
northernbeachesshs.eq.edu.au,.eq.edu.au
northernpeninsulasc.eq.edu.au,.eq.edu.au
northernsport.eq.edu.au,.eq.edu.au
northetonss.eq.edu.au,.eq.edu.au
northgatess.eq.edu.au,.eq.edu.au
northkeppelislandeec.eq.edu.au,.eq.edu.au
northlakescollege.eq.edu.au,.eq.edu.au
northrockhamptonshs.eq.edu.au,.eq.edu.au
northshoress.eq.edu.au,.eq.edu.au
northviewss.eq.edu.au,.eq.edu.au
northwestschoolsport.eq.edu.au,.eq.edu.au
norvilless.eq.edu.au,.eq.edu.au
ns.eq.edu.au,.eq.edu.au
ns1.eq.edu.au,.eq.edu.au
ns2.eq.edu.au,.eq.edu.au
nudgeebeacheec.eq.edu.au,.eq.edu.au
numinbahvalleyeec.eq.edu.au,.eq.edu.au
numinbahvalleyss.eq.edu.au,.eq.edu.au
nundahss.eq.edu.au,.eq.edu.au
nurseryroadspecs.eq.edu.au,.eq.edu.au
oakendenss.eq.edu.au,.eq.edu.au
oakeyshs.eq.edu.au,.eq.edu.au
oakeyss.eq.edu.au,.eq.edu.au
oakleighss.eq.edu.au,.eq.edu.au
oakwoodss.eq.edu.au,.eq.edu.au
oeecentres.eq.edu.au,.eq.edu.au
onechannel.eq.edu.au,.eq.edu.au
onemiless.eq.edu.au,.eq.edu.au
oneportal.com.au,.com.au
oneportal.net.au,.net.au
oneschool.com.au,.com.au
oneschool.info,.info
onlinelearning.qld.gov.au,.qld.gov.au
oonoonbass.eq.edu.au,.eq.edu.au
orionss.eq.edu.au,.eq.edu.au
ormeauss.eq.edu.au,.eq.edu.au
ormeauwoodsshs.eq.edu.au,.eq.edu.au
ormistonss.eq.edu.au,.eq.edu.au
osborness.eq.edu.au,.eq.edu.au
oslp.eq.edu.au,.eq.edu.au
oslpme.eq.edu.au,.eq.edu.au
oslptrain.eq.edu.au,.eq.edu.au
osr3finance.eq.edu.au,.eq.edu.au
osr3financetrain.eq.edu.au,.eq.edu.au
oxenfordss.eq.edu.au,.eq.edu.au
oxleyss.eq.edu.au,.eq.edu.au
pacificparadisess.eq.edu.au,.eq.edu.au
pacificpinesshs.eq.edu.au,.eq.edu.au
pacificpinesss.eq.edu.au,.eq.edu.au
pallarass.eq.edu.au,.eq.edu.au
palmbeachss.eq.edu.au,.eq.edu.au
palmwoodsss.eq.edu.au,.eq.edu.au
palumaeec.eq.edu.au,.eq.edu.au
parkavenuess.eq.edu.au,.eq.edu.au
parkess.eq.edu.au,.eq.edu.au
parkhurstss.eq.edu.au,.eq.edu.au
parklakess.eq.edu.au,.eq.edu.au
parkridgeshs.eq.edu.au,.eq.edu.au
parkridgess.eq.edu.au,.eq.edu.au
parramatss.eq.edu.au,.eq.edu.au
parramattass.eq.edu.au,.eq.edu.au
patrickestatess.eq.edu.au,.eq.edu.au
patricksroadss.eq.edu.au,.eq.edu.au
payneroadss.eq.edu.au,.eq.edu.au
pbc-shs.eq.edu.au,.eq.edu.au
pcm-high.eq.edu.au,.eq.edu.au
pcm-medium.eq.edu.au,.eq.edu.au
pcm-staff.eq.edu.au,.eq.edu.au
pcm-student.eq.edu.au,.eq.edu.au
peachesterss.eq.edu.au,.eq.edu.au
peakcrossingss.eq.edu.au,.eq.edu.au
peerreviewer.eq.edu.au,.eq.edu.au
peninsulaschoolsport.eq.edu.au,.eq.edu.au
pentlandss.eq.edu.au,.eq.edu.au
peregianspringsss.eq.edu.au,.eq.edu.au
petriess.eq.edu.au,.eq.edu.au
petrieterracess.eq.edu.au,.eq.edu.au
pialbass.eq.edu.au,.eq.edu.au
picniccreekss.eq.edu.au,.eq.edu.au
piltonss.eq.edu.au,.eq.edu.au
pimlicoshs.eq.edu.au,.eq.edu.au
"pimpamaspc.eq.edu.au
",.eq.edu.au
pimpamass.eq.edu.au,.eq.edu.au
pimpamassc.eq.edu.au,.eq.edu.au
pindipindiss.eq.edu.au,.eq.edu.au
pineriversshs.eq.edu.au,.eq.edu.au
pineriversspecialschool.eq.edu.au,.eq.edu.au
pinnacless.eq.edu.au,.eq.edu.au
pioneershs.eq.edu.au,.eq.edu.au
pittsworthshs.eq.edu.au,.eq.edu.au
pittsworthss.eq.edu.au,.eq.edu.au
pomonass.eq.edu.au,.eq.edu.au
pormpuraawss.eq.edu.au,.eq.edu.au
portcurtisroadss.eq.edu.au,.eq.edu.au
portdouglasss.eq.edu.au,.eq.edu.au
porumass.eq.edu.au,.eq.edu.au
pozieresss.eq.edu.au,.eq.edu.au
prairiess.eq.edu.au,.eq.edu.au
prenzlauss.eq.edu.au,.eq.edu.au
proserpineshs.eq.edu.au,.eq.edu.au
proserpiness.eq.edu.au,.eq.edu.au
prospectcreekss.eq.edu.au,.eq.edu.au
prostonss.eq.edu.au,.eq.edu.au
pullenvaeec.eq.edu.au,.eq.edu.au
pullenvaless.eq.edu.au,.eq.edu.au
pumicestoness.eq.edu.au,.eq.edu.au
qa.eq.edu.au,.eq.edu.au
qaci.eq.edu.au,.eq.edu.au
qahs.eq.edu.au,.eq.edu.au
qasmt.eq.edu.au,.eq.edu.au
qchschool.eq.edu.au,.eq.edu.au
qed.qld.gov.au,.qld.gov.au
qlearn.com.au,.com.au
qlearner.com.au,.com.au
qparent.com.au,.com.au
qparent.net,.net
qparent.net.au,.net.au
qparent.org,.org
qparent.org.au,.org.au
qparents.com,.com
qparents.com.au,.com.au
qparents.net,.net
qparents.net.au,.net.au
qparents.org,.org
qparents.org.au,.org.au
qparents.qld.edu.au,.qld.edu.au
qpsc.eq.edu.au,.eq.edu.au
qschool.com.au,.com.au
qschools.com.au,.com.au
qschools.net.au,.net.au
qschools.org.au,.org.au
qstudents.com.au,.com.au
qstudents.net,.net
qstudents.net.au,.net.au
qstudents.org,.org
qstudents.org.au,.org.au
qteacher.com.au,.com.au
qteachers.com.au,.com.au
queensbeachss.eq.edu.au,.eq.edu.au
queenslandschoolmusic.eq.edu.au,.qld.edu.au
queenslandschoolsport.eq.edu.au,.eq.edu.au
quilpiesc.eq.edu.au,.eq.edu.au
quinalowss.eq.edu.au,.eq.edu.au
qvsa.eq.edu.au,.eq.edu.au
ra.eq.edu.au,.eq.edu.au
raceviewss.eq.edu.au,.eq.edu.au
railwayestatess.eq.edu.au,.eq.edu.au
rainbowbeachss.eq.edu.au,.eq.edu.au
rainworthss.eq.edu.au,.eq.edu.au
ramsayss.eq.edu.au,.eq.edu.au
rangevilless.eq.edu.au,.eq.edu.au
rasmussenss.eq.edu.au,.eq.edu.au
rathdowneyss.eq.edu.au,.eq.edu.au
ravenshoess.eq.edu.au,.eq.edu.au
ravenswoodss.eq.edu.au,.eq.edu.au
rbssc.com.au,.com.au
rbssc.eq.edu.au ,.eq.edu.au
redbankplainsshs.eq.edu.au,.eq.edu.au
redbankplainsss.eq.edu.au,.eq.edu.au
redbankss.eq.edu.au,.eq.edu.au
redcliffeshs.eq.edu.au,.eq.edu.au
redcliffespecs.eq.edu.au,.eq.edu.au
redhillspecs.eq.edu.au,.eq.edu.au
redlandbayss.eq.edu.au,.eq.edu.au
redlanddistrictspecs.eq.edu.au,.eq.edu.au
redlynchsc.eq.edu.au,.eq.edu.au
regeparkss.eq.edu.au,.eq.edu.au
reporting.eq.edu.au,.eq.edu.au
res.eq.edu.au,.eq.edu.au
richlandseastss.eq.edu.au,.eq.edu.au
richmondhillss.eq.edu.au,.eq.edu.au
richmondss.eq.edu.au,.eq.edu.au
ridgelandsss.eq.edu.au,.eq.edu.au
ripleyvalleyspc.eq.edu.au,.eq.edu.au
ripleyvalleyss.eq.edu.au,.eq.edu.au
ripleyvalleyssc.eq.edu.au,.eq.edu.au
riverviewss.eq.edu.au,.eq.edu.au
roadvaless.eq.edu.au,.eq.edu.au
robertsonss.eq.edu.au,.eq.edu.au
robinashs.eq.edu.au,.eq.edu.au
robinass.eq.edu.au,.eq.edu.au
rochedaleshs.eq.edu.au,.eq.edu.au
rochedalesouthss.eq.edu.au,.eq.edu.au
rochedalss.eq.edu.au,.eq.edu.au
rockhampspecs.eq.edu.au,.eq.edu.au
rockhamptonnorthspecs.eq.edu.au,.eq.edu.au
rockhamptonshs.eq.edu.au,.eq.edu.au
rockleass.eq.edu.au,.eq.edu.au
rockvilless.eq.edu.au,.eq.edu.au
rollestonss.eq.edu.au,.eq.edu.au
rollingstoness.eq.edu.au,.eq.edu.au
romasc.eq.edu.au,.eq.edu.au
romascjc.eq.edu.au,.eq.edu.au
romascmc.eq.edu.au,.eq.edu.au
romascsc.eq.edu.au,.eq.edu.au
ropeleyss.eq.edu.au,.eq.edu.au
rosedaless.eq.edu.au,.eq.edu.au
rosellaparkspecs.eq.edu.au,.eq.edu.au
rosewoodshs.eq.edu.au,.eq.edu.au
rosewoodss.eq.edu.au,.eq.edu.au
rossvilless.eq.edu.au,.eq.edu.au
runawaybaysportlec.eq.edu.au,.eq.edu.au
runcheigss.eq.edu.au,.eq.edu.au
runcornshs.eq.edu.au,.eq.edu.au
runcornss.eq.edu.au,.eq.edu.au
russellislandss.eq.edu.au,.eq.edu.au
saibislass.eq.edu.au,.eq.edu.au
salisburyss.eq.edu.au,.eq.edu.au
sallyandpossum.edu.au,.edu.au
samfordss.eq.edu.au,.eq.edu.au
sandgatedistrictshs.eq.edu.au,.eq.edu.au
sandgatess.eq.edu.au,.eq.edu.au
sandystraitss.eq.edu.au,.eq.edu.au
sarinashs.eq.edu.au,.eq.edu.au
sarinass.eq.edu.au,.eq.edu.au
scarboroughss.eq.edu.au,.eq.edu.au
schoolbudgeting.eq.edu.au,.eq.edu.au
schoolreviews.eq.edu.au,.eq.edu.au
schoolsdirectory.eq.edu.au,.eq.edu.au
scottvilless.eq.edu.au,.eq.edu.au
seaforthss.eq.edu.au,.eq.edu.au
"services.eq.edu.au
",.eq.edu.au
servicetonsouthss.eq.edu.au,.eq.edu.au
seta.eq.edu.au,.eq.edu.au
sevehillss.eq.edu.au,.eq.edu.au
severnleass.eq.edu.au,.eq.edu.au
severnless.eq.edu.au,.eq.edu.au
sevilleroadss.eq.edu.au,.eq.edu.au
shailerparkshs.eq.edu.au,.eq.edu.au
shailerparkss.eq.edu.au,.eq.edu.au
shaiparkshs.eq.edu.au,.eq.edu.au
sharonss.eq.edu.au,.eq.edu.au
sherwoodss.eq.edu.au,.eq.edu.au
shorncliffess.eq.edu.au,.eq.edu.au
silkstoness.eq.edu.au,.eq.edu.au
silkwoodss.eq.edu.au,.eq.edu.au
sladepointss.eq.edu.au,.eq.edu.au
smartclassrooms.com.au,.com.au
smithfieldshs.eq.edu.au,.eq.edu.au
smtp.eq.edu.au,.eq.edu.au
smtp-outbound.eq.edu.au,.eq.edu.au
somersethillsss.eq.edu.au,.eq.edu.au
southbrookcentralss.eq.edu.au,.eq.edu.au
southcoastschoolsport.eq.edu.au,.eq.edu.au
southeast.eq.edu.au,.eq.edu.au
southjohnstoness.eq.edu.au,.eq.edu.au
southportshs.eq.edu.au,.eq.edu.au
southportspecs.eq.edu.au,.eq.edu.au
southportss.eq.edu.au,.eq.edu.au
southwestschoolsport.eq.edu.au,.eq.edu.au
sparktheirfuture.qld.edu.au,.qld.edu.au
spinifexsc.eq.edu.au,.eq.edu.au
sportssupercentre.com.au,.com.au
springbrookss.eq.edu.au,.eq.edu.au
springfieldcentralshs.eq.edu.au,.eq.edu.au
springfieldcentralss.eq.edu.au,.eq.edu.au
springfieldlakesss.eq.edu.au,.eq.edu.au
springmountainss.eq.edu.au,.eq.edu.au
springsuress.eq.edu.au,.eq.edu.au
springwoodcentralss.eq.edu.au,.eq.edu.au
springwoodroadss.eq.edu.au,.eq.edu.au
springwoodshs.eq.edu.au,.eq.edu.au
sptemplatewfs.eq.edu.au,.eq.edu.au
ssc.eq.edu.au,.eq.edu.au
staffordheightsss.eq.edu.au,.eq.edu.au
staffordss.eq.edu.au,.eq.edu.au
stanleyrivereec.eq.edu.au,.eq.edu.au
stanthorpeshs.eq.edu.au,.eq.edu.au
stanthorpess.eq.edu.au,.eq.edu.au
stanwellss.eq.edu.au,.eq.edu.au
statehigh.com.au,.com.au
stbernardss.eq.edu.au   ,.eq.edu.au
stepislass.eq.edu.au,.eq.edu.au
stgeorgeshs.eq.edu.au,.eq.edu.au
stgeorgess.eq.edu.au,.eq.edu.au
sthelensss.eq.edu.au,.eq.edu.au
stlawrencess.eq.edu.au,.eq.edu.au
stonehengess.eq.edu.au,.eq.edu.au
stpaulsss.eq.edu.au,.eq.edu.au
strathpiness.eq.edu.au,.eq.edu.au
strathpinewestss.eq.edu.au,.eq.edu.au
strettonsc.eq.edu.au,.eq.edu.au
sunburyss.eq.edu.au,.eq.edu.au
sundaycreec.eq.edu.au,.eq.edu.au
sunnybankhillsss.eq.edu.au,.eq.edu.au
sunnybankshs.eq.edu.au,.eq.edu.au
sunnybankspecs.eq.edu.au,.eq.edu.au
sunnybankss.eq.edu.au,.eq.edu.au
sunsetss.eq.edu.au,.eq.edu.au
sunshinebeachhigh.eq.edu.au,.eq.edu.au
sunshinebeachss.eq.edu.au,.eq.edu.au
sunshinecoast.eq.edu.au,.eq.edu.au
sunshinecoasteec.eq.edu.au,.eq.edu.au
sunshinecoastttc.eq.edu.au,.eq.edu.au
sunshinesport.eq.edu.au,.eq.edu.au
suratss.eq.edu.au,.eq.edu.au
surfersparadisess.eq.edu.au,.eq.edu.au
sustainableschools.qld.edu.au,.qld.edu.au
swaynevilless.eq.edu.au,.eq.edu.au
taabingass.eq.edu.au,.eq.edu.au
tagaisc.eq.edu.au,.eq.edu.au
taigumss.eq.edu.au,.eq.edu.au
takeastandtogether.gov.au,.gov.au
talacollss.eq.edu.au,.eq.edu.au
tallebudgeraoeec.eq.edu.au,.eq.edu.au
tallebudgerass.eq.edu.au,.eq.edu.au
talwoodss.eq.edu.au,.eq.edu.au
tamborinemountainss.eq.edu.au,.eq.edu.au
tamborinemtnshs.eq.edu.au,.eq.edu.au
tamboss.eq.edu.au,.eq.edu.au
tamrookumss.eq.edu.au,.eq.edu.au
tanduringiess.eq.edu.au,.eq.edu.au
tannumsandsshs.eq.edu.au,.eq.edu.au
tannumsandsss.eq.edu.au,.eq.edu.au
tarampass.eq.edu.au,.eq.edu.au
taranganbass.eq.edu.au,.eq.edu.au
tarashiresc.eq.edu.au,.eq.edu.au
taroomss.eq.edu.au,.eq.edu.au
tclcspecs.eq.edu.au,.eq.edu.au
teach.qld.gov.au,.qld.gov.au
teelbass.eq.edu.au,.eq.edu.au
tenthilllowerss.eq.edu.au,.eq.edu.au
tewantinss.eq.edu.au,.eq.edu.au
texasss.eq.edu.au,.eq.edu.au
thabebanss.eq.edu.au,.eq.edu.au
thallonss.eq.edu.au,.eq.edu.au
thangoolss.eq.edu.au,.eq.edu.au
thargomindahss.eq.edu.au,.eq.edu.au
thecavess.eq.edu.au,.eq.edu.au
theebiness.eq.edu.au,.eq.edu.au
thegapshs.eq.edu.au,.eq.edu.au
thegapss.eq.edu.au,.eq.edu.au
thegumsss.eq.edu.au,.eq.edu.au
thehallss.eq.edu.au,.eq.edu.au
theodoress.eq.edu.au,.eq.edu.au
thesummitss.eq.edu.au,.eq.edu.au
thewillowsss.eq.edu.au,.eq.edu.au
thornlandsss.eq.edu.au,.eq.edu.au
thorntonss.eq.edu.au,.eq.edu.au
thulimbahss.eq.edu.au,.eq.edu.au
thuringowashs.eq.edu.au,.eq.edu.au
thurislashs.eq.edu.au,.eq.edu.au
thurislass.eq.edu.au,.eq.edu.au
tiaross.eq.edu.au,.eq.edu.au
tieriss.eq.edu.au,.eq.edu.au
tinanass.eq.edu.au,.eq.edu.au
tinarooeec.eq.edu.au,.eq.edu.au
tincanbayss.eq.edu.au,.eq.edu.au
tingalpass.eq.edu.au,.eq.edu.au
tingoorass.eq.edu.au,.eq.edu.au
tivoliss.eq.edu.au,.eq.edu.au
tolgass.eq.edu.au,.eq.edu.au
toobannass.eq.edu.au,.eq.edu.au
toogoolawahshs.eq.edu.au,.eq.edu.au
toogoolawahss.eq.edu.au,.eq.edu.au
tooheyforesteec.eq.edu.au,.eq.edu.au
toolooashs.eq.edu.au,.eq.edu.au
toowongss.eq.edu.au,.eq.edu.au
toowoombaeastss.eq.edu.au,.eq.edu.au
toowoombaflex.eq.edu.au,.eq.edu.au
toowoombanorthss.eq.edu.au,.eq.edu.au
toowoombashs.eq.edu.au,.eq.edu.au
toowoombawestspecs.eq.edu.au,.eq.edu.au
torbanleass.eq.edu.au,.eq.edu.au
torquayss.eq.edu.au,.eq.edu.au
townsvillecentralss.eq.edu.au,.eq.edu.au
townsvilleschoolsport.eq.edu.au,.eq.edu.au
townsvilleshs.eq.edu.au,.eq.edu.au
townsvillesouthss.eq.edu.au,.eq.edu.au
townsvillewestss.eq.edu.au,.eq.edu.au
townviewss.eq.edu.au,.eq.edu.au
trebonness.eq.edu.au,.eq.edu.au
tresswelss.eq.edu.au,.eq.edu.au
trinitybayshs.eq.edu.au,.eq.edu.au
trinitybeachss.eq.edu.au,.eq.edu.au
tullawongshs.eq.edu.au,.eq.edu.au
tullawongss.eq.edu.au,.eq.edu.au
tullyshs.eq.edu.au,.eq.edu.au
tullyss.eq.edu.au,.eq.edu.au
twomiless.eq.edu.au,.eq.edu.au
uboboss.eq.edu.au,.eq.edu.au
undurbass.eq.edu.au,.eq.edu.au
unilearn.edu.au,.edu.au
upmtgravss.eq.edu.au,.eq.edu.au
upperbrookfieldss.eq.edu.au,.eq.edu.au
uppercoomerasc.eq.edu.au,.eq.edu.au
urandangiss.eq.edu.au,.eq.edu.au
uranganpointss.eq.edu.au,.eq.edu.au
uranganshs.eq.edu.au,.eq.edu.au
valeviewss.eq.edu.au,.eq.edu.au
valkyriess.eq.edu.au,.eq.edu.au
varsitycollege.eq.edu.au,.eq.edu.au
veresdalescrubss.eq.edu.au,.eq.edu.au
victoriaparkss.eq.edu.au,.eq.edu.au
victoriaplantationss.eq.edu.au,.eq.edu.au
victoriapointss.eq.edu.au,.eq.edu.au
viennawoodsss.eq.edu.au,.eq.edu.au
vincentss.eq.edu.au,.eq.edu.au
virginiass.eq.edu.au,.eq.edu.au
vpshs.eq.edu.au,.eq.edu.au
walkaminss.eq.edu.au,.eq.edu.au
walkerstonss.eq.edu.au,.eq.edu.au
walkervaless.eq.edu.au,.eq.edu.au
wallangarrass.eq.edu.au,.eq.edu.au
wallavilless.eq.edu.au,.eq.edu.au
walloonss.eq.edu.au,.eq.edu.au
wallumbillass.eq.edu.au,.eq.edu.au
wamuranss.eq.edu.au,.eq.edu.au
wandoanss.eq.edu.au,.eq.edu.au
wanpardaeec.eq.edu.au,.eq.edu.au
waraburrass.eq.edu.au,.eq.edu.au
warrass.eq.edu.au,.eq.edu.au
warrigalroadss.eq.edu.au,.eq.edu.au
warrillviewss.eq.edu.au,.eq.edu.au
warrislass.eq.edu.au,.eq.edu.au
wartburgss.eq.edu.au,.eq.edu.au
warwickcentralss.eq.edu.au,.eq.edu.au
warwickeastss.eq.edu.au,.eq.edu.au
warwickshs.eq.edu.au,.eq.edu.au
warwickwestss.eq.edu.au,.eq.edu.au
waterfordss.eq.edu.au,.eq.edu.au
waterfordwestss.eq.edu.au,.eq.edu.au
watsonroadss.eq.edu.au,.eq.edu.au
wavellheightsss.eq.edu.au,.eq.edu.au
wavellshs.eq.edu.au,.eq.edu.au
webmail.eq.edu.au,.eq.edu.au
weiparc.eq.edu.au,.eq.edu.au
weipnortss.eq.edu.au,.eq.edu.au
weirss.eq.edu.au,.eq.edu.au
wellcampss.eq.edu.au,.eq.edu.au
wellhillss.eq.edu.au,.eq.edu.au
wellingtonpointshs.eq.edu.au,.eq.edu.au
wellingtonpointss.eq.edu.au,.eq.edu.au
westecttc.eq.edu.au,.eq.edu.au
westendss.eq.edu.au,.eq.edu.au
westerncapecollege.eq.edu.au,.eq.edu.au
westernsuburbsspecs.eq.edu.au,.eq.edu.au
westmarss.eq.edu.au,.eq.edu.au
westwoodss.eq.edu.au,.eq.edu.au
wethedifferents.qld.edu.au ,.qld.edu.au
wfs13temp.eq.edu.au ,.eq.edu.au
wheatlandsss.eq.edu.au,.eq.edu.au
wheatvaless.eq.edu.au,.eq.edu.au
whiterockss.eq.edu.au,.eq.edu.au
whiteshillsc.eq.edu.au,.eq.edu.au
whitfieldss.eq.edu.au,.eq.edu.au
whoami.eq.edu.au,.eq.edu.au
widebayschoolsport.eq.edu.au,.eq.edu.au
widgeess.eq.edu.au,.eq.edu.au
williamduncanss.eq.edu.au,.eq.edu.au
williamrossshs.eq.edu.au,.eq.edu.au
wilsontonshs.eq.edu.au,.eq.edu.au
wilsontonss.eq.edu.au,.eq.edu.au
wilstonss.eq.edu.au,.eq.edu.au
windarooss.eq.edu.au,.eq.edu.au
windaroovalleyshs.eq.edu.au,.eq.edu.au
winderass.eq.edu.au,.eq.edu.au
windorahss.eq.edu.au,.eq.edu.au
windsorss.eq.edu.au,.eq.edu.au
winfieldss.eq.edu.au,.eq.edu.au
wintonss.eq.edu.au,.eq.edu.au
wishartss.eq.edu.au,.eq.edu.au
withcottss.eq.edu.au,.eq.edu.au
wolviss.eq.edu.au,.eq.edu.au
wondaiss.eq.edu.au,.eq.edu.au
wondallheightsss.eq.edu.au,.eq.edu.au
wongabchss.eq.edu.au,.eq.edu.au
woodcrestsc.eq.edu.au,.eq.edu.au
woodfordss.eq.edu.au,.eq.edu.au
woodhillss.eq.edu.au,.eq.edu.au
woodlinksss.eq.edu.au,.eq.edu.au
woodridgenorthss.eq.edu.au,.eq.edu.au
woodridgeshs.eq.edu.au,.eq.edu.au
woodridgess.eq.edu.au,.eq.edu.au
woodstockss.eq.edu.au,.eq.edu.au
woodypointspecs.eq.edu.au,.eq.edu.au
wooloogass.eq.edu.au,.eq.edu.au
wooloowinss.eq.edu.au,.eq.edu.au
woombyess.eq.edu.au,.eq.edu.au
woongarrass.eq.edu.au,.eq.edu.au
woongoolbass.eq.edu.au,.eq.edu.au
woorabindass.eq.edu.au,.eq.edu.au
wooroolinss.eq.edu.au,.eq.edu.au
woreeshs.eq.edu.au,.eq.edu.au
woreess.eq.edu.au,.eq.edu.au
worongaryss.eq.edu.au,.eq.edu.au
wowanss.eq.edu.au,.eq.edu.au
wulguruss.eq.edu.au,.eq.edu.au
www.eq.edu.au,.eq.edu.au
wyandrass.eq.edu.au,.eq.edu.au
wynnumshs.eq.edu.au,.eq.edu.au
wynnumss.eq.edu.au,.eq.edu.au
wynnumwestss.eq.edu.au,.eq.edu.au
wyreemass.eq.edu.au,.eq.edu.au
yamislanss.eq.edu.au,.eq.edu.au
yandaranss.eq.edu.au,.eq.edu.au
yandinass.eq.edu.au,.eq.edu.au
yanganss.eq.edu.au,.eq.edu.au
yarrabahss.eq.edu.au,.eq.edu.au
yarrabilbass.eq.edu.au,.eq.edu.au
yarrabilbassc.eq.edu.au,.eq.edu.au
yarramanss.eq.edu.au,.eq.edu.au
yarrileess.eq.edu.au,.eq.edu.au
yarwunss.eq.edu.au,.eq.edu.au
yeerongpillyecdp.eq.edu.au,.eq.edu.au
yelarbonss.eq.edu.au,.eq.edu.au
yeppoonshs.eq.edu.au,.eq.edu.au
yeppoonss.eq.edu.au,.eq.edu.au
yerongashs.eq.edu.au,.eq.edu.au
yerongass.eq.edu.au,.eq.edu.au
yorkeysknobss.eq.edu.au,.eq.edu.au
yorkislass.eq.edu.au,.eq.edu.au
yugumbirss.eq.edu.au,.eq.edu.au
yulebass.eq.edu.au,.eq.edu.au
yungaburrass.eq.edu.au,.eq.edu.au
zillmeress.eq.edu.au,.eq.edu.au
zone1.eq.edu.au,.eq.edu.au
zone2.eq.edu.au,.eq.edu.au
